start,end,repage,repgender
9/29/2023,9/29/2023,62,male
9/29/2023,9/29/2023,58,female
9/29/2023,9/29/2023,52,male
9/29/2023,9/29/2023,49,female
9/29/2023,9/29/2023,59,female
9/29/2023,9/29/2023,63,male
9/29/2023,9/29/2023,64,male
9/29/2023,9/29/2023,64,female
9/29/2023,9/29/2023,66,female
9/29/2023,9/29/2023,47,female
9/29/2023,9/29/2023,48,male
9/29/2023,9/29/2023,29,male
9/29/2023,9/29/2023,68,male
9/29/2023,9/29/2023,68,female
9/29/2023,9/29/2023,72,male
9/29/2023,9/29/2023,56,male
9/29/2023,9/29/2023,78,female
9/29/2023,9/29/2023,78,male
9/29/2023,9/29/2023,36,female
9/29/2023,9/29/2023,2,female
9/29/2023,9/29/2023,49,male
9/29/2023,9/29/2023,85,female
9/29/2023,9/29/2023,49,male
9/29/2023,9/29/2023,73,female
9/29/2023,9/29/2023,,male
9/29/2023,9/29/2023,65,male
9/29/2023,9/29/2023,85,female
9/29/2023,9/29/2023,39,male
9/29/2023,9/29/2023,13,male
9/29/2023,9/29/2023,8,female
9/29/2023,9/29/2023,68,female
9/29/2023,9/29/2023,51,male
9/29/2023,9/29/2023,22,female
9/29/2023,9/29/2023,70,female
9/29/2023,9/29/2023,45,female
9/29/2023,9/29/2023,57,female
9/29/2023,9/29/2023,63,male
9/29/2023,9/29/2023,51,male
9/29/2023,9/29/2023,21,male
9/29/2023,9/29/2023,70,male
9/29/2023,9/29/2023,37,female
9/29/2023,9/29/2023,18,female
9/29/2023,9/29/2023,15,male
9/29/2023,9/29/2023,58,female
9/29/2023,9/29/2023,64,male
9/29/2023,9/29/2023,11,female
9/29/2023,9/29/2023,37,female
9/29/2023,9/29/2023,37,male
9/29/2023,9/29/2023,60,male
9/29/2023,9/29/2023,74,male
9/29/2023,9/29/2023,42,female
9/29/2023,9/29/2023,36,female
9/29/2023,9/29/2023,43,male
9/29/2023,9/29/2023,72,female
9/29/2023,9/29/2023,17,female
9/29/2023,9/29/2023,9,female
9/29/2023,9/29/2023,80,female
9/29/2023,9/29/2023,80,male
9/29/2023,9/29/2023,62,female
9/29/2023,9/29/2023,61,male
9/29/2023,9/29/2023,19,pnd
9/29/2023,9/29/2023,16,pnd
9/29/2023,9/29/2023,35,male
9/29/2023,9/29/2023,33,female
9/29/2023,9/29/2023,11,male
9/29/2023,9/29/2023,65,male
9/29/2023,9/29/2023,61,female
9/29/2023,9/29/2023,50,female
9/29/2023,9/29/2023,22,male
9/29/2023,9/29/2023,17,female
9/29/2023,9/29/2023,51,male
9/29/2023,9/29/2023,52,female
9/29/2023,9/29/2023,55,female
9/29/2023,9/29/2023,63,male
9/29/2023,9/29/2023,21,male
9/29/2023,9/29/2023,40,male
9/29/2023,9/29/2023,19,male
9/29/2023,9/29/2023,13,male
9/29/2023,9/29/2023,71,female
9/29/2023,9/29/2023,62,male
9/29/2023,9/29/2023,42,male
9/29/2023,9/29/2023,56,female
9/29/2023,9/29/2023,70,male
9/29/2023,9/29/2023,39,female
9/29/2023,9/29/2023,16,male
9/29/2023,9/29/2023,45,male
9/29/2023,9/29/2023,35,female
9/29/2023,9/29/2023,38,male
9/29/2023,9/29/2023,5,male
9/29/2023,9/29/2023,2,female
9/29/2023,9/29/2023,57,female
9/29/2023,9/29/2023,67,female
9/29/2023,9/29/2023,39,female
9/29/2023,9/29/2023,15,female
9/29/2023,9/29/2023,13,male
9/29/2023,9/29/2023,52,female
9/29/2023,9/29/2023,27,female
9/29/2023,9/29/2023,56,female
9/29/2023,9/29/2023,87,female
9/29/2023,9/29/2023,63,female
9/29/2023,9/29/2023,65,female
9/29/2023,9/29/2023,15,female
9/29/2023,9/29/2023,18,male
9/29/2023,9/29/2023,23,female
9/29/2023,9/29/2023,49,female
9/29/2023,9/29/2023,17,female
9/29/2023,9/29/2023,41,female
9/29/2023,9/29/2023,39,male
9/29/2023,9/29/2023,14,female
9/29/2023,9/29/2023,5,male
9/29/2023,9/29/2023,58,female
9/29/2023,9/29/2023,61,female
9/29/2023,9/29/2023,65,male
9/29/2023,9/29/2023,51,female
9/29/2023,9/29/2023,77,female
9/29/2023,9/29/2023,38,male
9/29/2023,9/29/2023,10,
9/29/2023,9/29/2023,4,
9/29/2023,9/29/2023,62,male
9/29/2023,9/29/2023,57,female
9/29/2023,9/29/2023,60,female
9/29/2023,9/29/2023,63,male
9/29/2023,9/29/2023,56,male
9/29/2023,9/29/2023,34,female
9/29/2023,9/29/2023,41,male
9/29/2023,9/29/2023,17,female
9/29/2023,9/29/2023,8,male
9/29/2023,9/29/2023,63,male
9/29/2023,9/29/2023,62,female
9/29/2023,9/29/2023,41,male
9/29/2023,9/29/2023,39,female
9/29/2023,9/29/2023,8,male
9/29/2023,9/29/2023,38,female
9/29/2023,9/29/2023,39,male
9/29/2023,9/29/2023,17,female
9/29/2023,9/29/2023,68,female
9/29/2023,9/29/2023,59,female
9/29/2023,9/29/2023,64,male
9/29/2023,9/29/2023,65,male
9/29/2023,9/29/2023,55,female
9/29/2023,9/29/2023,60,male
9/29/2023,9/29/2023,31,male
9/29/2023,9/29/2023,61,female
9/29/2023,9/29/2023,61,male
9/29/2023,9/29/2023,75,male
9/29/2023,9/29/2023,42,
9/29/2023,9/29/2023,73,
9/29/2023,9/29/2023,62,female
9/29/2023,9/29/2023,58,female
9/28/2023,9/28/2023,1,female
9/29/2023,9/29/2023,67,female
9/28/2023,9/28/2023,57,female
9/28/2023,9/28/2023,63,male
9/28/2023,9/28/2023,64,female
9/28/2023,9/28/2023,45,female
9/28/2023,9/28/2023,67,female
9/28/2023,9/28/2023,13,female
9/28/2023,9/28/2023,58,female
9/28/2023,9/28/2023,62,male
9/28/2023,9/28/2023,71,female
9/28/2023,9/28/2023,32,female
9/28/2023,9/28/2023,55,male
9/28/2023,9/28/2023,80,female
9/28/2023,9/28/2023,83,male
9/28/2023,9/28/2023,76,female
9/28/2023,9/28/2023,67,male
9/28/2023,9/28/2023,42,male
9/28/2023,9/28/2023,14,male
9/28/2023,9/28/2023,16,male
9/28/2023,9/28/2023,61,female
9/28/2023,9/28/2023,40,male
9/28/2023,9/28/2023,14,female
9/28/2023,9/28/2023,42,female
9/28/2023,9/28/2023,10,female
9/28/2023,9/28/2023,70,pnd
9/28/2023,9/28/2023,46,pnd
9/28/2023,9/28/2023,19,pnd
9/28/2023,9/28/2023,15,pnd
9/28/2023,9/28/2023,63,female
9/28/2023,9/28/2023,66,male
9/28/2023,9/28/2023,52,male
9/28/2023,9/28/2023,76,male
9/28/2023,9/28/2023,49,female
9/28/2023,9/28/2023,49,male
9/28/2023,9/28/2023,73,female
9/28/2023,9/28/2023,63,male
9/28/2023,9/28/2023,60,female
9/28/2023,9/28/2023,38,female
9/28/2023,9/28/2023,62,female
9/28/2023,9/28/2023,67,male
9/28/2023,9/28/2023,69,female
9/28/2023,9/28/2023,67,female
9/28/2023,9/28/2023,39,male
9/28/2023,9/28/2023,33,female
9/28/2023,9/28/2023,74,male
9/28/2023,9/28/2023,49,female
9/28/2023,9/28/2023,22,female
9/28/2023,9/28/2023,28,female
9/28/2023,9/28/2023,52,pnd
9/28/2023,9/28/2023,76,pnd
9/28/2023,9/28/2023,55,female
9/28/2023,9/28/2023,57,female
9/28/2023,9/28/2023,41,female
9/28/2023,9/28/2023,17,male
9/28/2023,9/28/2023,63,male
9/28/2023,9/28/2023,55,male
9/28/2023,9/28/2023,26,female
9/28/2023,9/28/2023,25,male
9/28/2023,9/28/2023,31,male
9/28/2023,9/28/2023,32,male
9/28/2023,9/28/2023,6,male
9/28/2023,9/28/2023,27,female
9/28/2023,9/28/2023,31,female
9/28/2023,9/28/2023,5,male
9/28/2023,9/28/2023,56,male
9/28/2023,9/28/2023,55,female
9/28/2023,9/28/2023,36,female
9/28/2023,9/28/2023,14,female
9/28/2023,9/28/2023,64,female
9/28/2023,9/28/2023,43,male
9/28/2023,9/28/2023,,male
9/28/2023,9/28/2023,42,female
9/28/2023,9/28/2023,18,female
9/28/2023,9/28/2023,12,male
9/28/2023,9/28/2023,64,female
9/28/2023,9/28/2023,50,female
9/28/2023,9/28/2023,76,male
9/28/2023,9/28/2023,27,female
9/28/2023,9/28/2023,68,male
9/28/2023,9/28/2023,36,male
9/28/2023,9/28/2023,52,female
9/28/2023,9/28/2023,56,male
9/28/2023,9/28/2023,35,female
9/28/2023,9/28/2023,32,female
9/28/2023,9/28/2023,8,male
9/28/2023,9/28/2023,62,female
9/28/2023,9/28/2023,65,male
9/28/2023,9/28/2023,54,female
9/28/2023,9/28/2023,49,female
9/28/2023,9/28/2023,54,female
9/28/2023,9/28/2023,73,female
9/28/2023,9/28/2023,37,male
9/28/2023,9/28/2023,62,female
9/28/2023,9/28/2023,82,female
9/28/2023,9/28/2023,57,male
9/28/2023,9/28/2023,66,female
9/28/2023,9/28/2023,67,male
9/28/2023,9/28/2023,63,female
9/28/2023,9/28/2023,75,female
9/28/2023,9/28/2023,55,female
9/28/2023,9/28/2023,76,female
9/28/2023,9/28/2023,67,male
9/28/2023,9/28/2023,42,female
9/28/2023,9/28/2023,64,female
9/28/2023,9/28/2023,66,male
9/28/2023,9/28/2023,15,female
9/28/2023,9/28/2023,48,male
9/28/2023,9/28/2023,19,male
9/28/2023,9/28/2023,2,male
9/28/2023,9/28/2023,45,female
9/28/2023,9/28/2023,72,male
9/28/2023,9/28/2023,16,female
9/28/2023,9/28/2023,41,female
9/28/2023,9/28/2023,17,male
9/28/2023,9/28/2023,12,male
9/28/2023,9/28/2023,64,female
9/28/2023,9/28/2023,65,male
9/28/2023,9/28/2023,41,female
9/28/2023,9/28/2023,17,male
9/28/2023,9/28/2023,63,male
9/28/2023,9/28/2023,84,male
9/28/2023,9/28/2023,80,female
9/28/2023,9/28/2023,43,male
9/28/2023,9/28/2023,42,female
9/28/2023,9/28/2023,75,female
9/28/2023,9/28/2023,16,female
9/28/2023,9/28/2023,14,female
9/28/2023,9/28/2023,14,female
9/28/2023,9/28/2023,11,female
9/28/2023,9/28/2023,66,female
9/28/2023,9/28/2023,54,male
9/28/2023,9/28/2023,32,male
9/28/2023,9/28/2023,55,male
9/28/2023,9/28/2023,71,male
9/28/2023,9/28/2023,50,female
9/28/2023,9/28/2023,72,female
9/28/2023,9/28/2023,29,female
9/28/2023,9/28/2023,10,male
9/28/2023,9/28/2023,58,female
9/28/2023,9/28/2023,60,male
9/28/2023,9/28/2023,58,female
9/28/2023,9/28/2023,78,male
9/28/2023,9/28/2023,51,male
9/28/2023,9/28/2023,61,female
9/28/2023,9/28/2023,65,male
9/27/2023,9/27/2023,85,female
9/27/2023,9/27/2023,63,female
9/27/2023,9/27/2023,67,male
9/27/2023,9/27/2023,35,female
9/27/2023,9/27/2023,11,female
9/27/2023,9/27/2023,47,female
9/27/2023,9/27/2023,70,male
9/27/2023,9/27/2023,68,female
9/27/2023,9/27/2023,64,female
9/27/2023,9/27/2023,68,female
9/27/2023,9/27/2023,35,female
9/27/2023,9/27/2023,59,female
9/27/2023,9/27/2023,65,male
9/27/2023,9/27/2023,42,female
9/27/2023,9/27/2023,65,female
9/27/2023,9/27/2023,19,female
9/27/2023,9/27/2023,49,male
9/27/2023,9/27/2023,14,pnd
9/27/2023,9/27/2023,10,female
9/27/2023,9/27/2023,80,male
9/27/2023,9/27/2023,80,female
9/27/2023,9/27/2023,50,female
9/27/2023,9/27/2023,51,female
9/27/2023,9/27/2023,57,male
9/27/2023,9/27/2023,49,male
9/27/2023,9/27/2023,6,female
9/27/2023,9/27/2023,72,female
9/27/2023,9/27/2023,73,female
9/27/2023,9/27/2023,57,female
9/27/2023,9/27/2023,34,male
9/27/2023,9/27/2023,19,female
9/27/2023,9/27/2023,17,male
9/27/2023,9/27/2023,16,male
9/27/2023,9/27/2023,71,male
9/27/2023,9/27/2023,58,male
9/27/2023,9/27/2023,79,female
9/27/2023,9/27/2023,57,male
9/27/2023,9/27/2023,37,female
9/27/2023,9/27/2023,20,female
9/27/2023,9/27/2023,22,male
9/27/2023,9/27/2023,40,female
9/27/2023,9/27/2023,2,male
9/27/2023,9/27/2023,9,female
9/27/2023,9/27/2023,13,female
9/27/2023,9/27/2023,33,male
9/27/2023,9/27/2023,32,female
9/27/2023,9/27/2023,9,female
9/27/2023,9/27/2023,33,male
9/27/2023,9/27/2023,33,male
9/27/2023,9/27/2023,79,male
9/27/2023,9/27/2023,71,female
9/27/2023,9/27/2023,49,male
9/27/2023,9/27/2023,19,male
9/27/2023,9/27/2023,67,male
9/27/2023,9/27/2023,75,female
9/27/2023,9/27/2023,39,female
9/27/2023,9/27/2023,45,female
9/27/2023,9/27/2023,14,male
9/27/2023,9/27/2023,6,male
9/27/2023,9/27/2023,11,male
9/27/2023,9/27/2023,33,male
9/27/2023,9/27/2023,72,female
9/27/2023,9/27/2023,31,male
9/27/2023,9/27/2023,52,female
9/27/2023,9/27/2023,16,male
9/27/2023,9/27/2023,7,male
9/26/2023,9/26/2023,68,female
9/26/2023,9/26/2023,59,female
9/26/2023,9/26/2023,48,female
9/26/2023,9/26/2023,70,male
9/26/2023,9/26/2023,25,female
9/26/2023,9/26/2023,64,male
9/26/2023,9/26/2023,61,female
9/26/2023,9/26/2023,52,female
9/26/2023,9/26/2023,77,male
9/26/2023,9/26/2023,76,female
9/26/2023,9/26/2023,33,female
9/26/2023,9/26/2023,55,female
9/26/2023,9/26/2023,80,male
9/26/2023,9/26/2023,65,female
9/26/2023,9/26/2023,68,male
9/26/2023,9/26/2023,35,female
9/26/2023,9/26/2023,46,male
9/26/2023,9/26/2023,14,female
9/26/2023,9/26/2023,10,female
9/26/2023,9/26/2023,38,male
9/26/2023,9/26/2023,25,male
9/26/2023,9/26/2023,13,female
9/26/2023,9/26/2023,71,female
9/26/2023,9/26/2023,76,male
9/26/2023,9/26/2023,65,male
9/26/2023,9/26/2023,61,female
9/26/2023,9/26/2023,37,female
9/26/2023,9/26/2023,59,male
9/26/2023,9/26/2023,34,female
9/26/2023,9/26/2023,10,male
9/26/2023,9/26/2023,68,male
9/26/2023,9/26/2023,60,male
9/26/2023,9/26/2023,53,female
9/26/2023,9/26/2023,35,female
9/26/2023,9/26/2023,10,male
9/26/2023,9/26/2023,46,female
9/26/2023,9/26/2023,73,male
9/26/2023,9/26/2023,74,female
9/26/2023,9/26/2023,15,female
9/26/2023,9/26/2023,51,male
9/26/2023,9/26/2023,14,female
9/26/2023,9/26/2023,68,female
9/26/2023,9/26/2023,43,male
9/26/2023,9/26/2023,26,male
9/26/2023,9/26/2023,46,female
9/26/2023,9/26/2023,24,female
9/26/2023,9/26/2023,10,female
9/26/2023,9/26/2023,51,male
9/26/2023,9/26/2023,19,female
9/26/2023,9/26/2023,55,female
9/26/2023,9/26/2023,78,female
9/26/2023,9/26/2023,57,female
9/26/2023,9/26/2023,62,male
9/26/2023,9/26/2023,51,male
9/26/2023,9/26/2023,14,male
9/26/2023,9/26/2023,40,male
9/26/2023,9/26/2023,2,male
9/26/2023,9/26/2023,35,female
9/26/2023,9/26/2023,10,female
9/26/2023,9/26/2023,65,male
9/26/2023,9/26/2023,65,female
9/26/2023,9/26/2023,39,female
9/26/2023,9/26/2023,11,male
9/26/2023,9/26/2023,7,female
9/26/2023,9/26/2023,33,female
9/26/2023,9/26/2023,55,male
9/26/2023,9/26/2023,59,female
9/26/2023,9/26/2023,69,male
9/26/2023,9/26/2023,36,female
9/26/2023,9/26/2023,34,female
9/26/2023,9/26/2023,47,female
9/26/2023,9/26/2023,19,male
9/26/2023,9/26/2023,25,male
9/26/2023,9/26/2023,44,female
9/26/2023,9/26/2023,20,female
9/26/2023,9/26/2023,9,male
9/26/2023,9/26/2023,59,female
9/26/2023,9/26/2023,29,female
9/26/2023,9/26/2023,5,male
9/26/2023,9/26/2023,48,female
9/26/2023,9/26/2023,20,female
9/26/2023,9/26/2023,68,male
9/26/2023,9/26/2023,65,female
9/26/2023,9/26/2023,22,female
9/26/2023,9/26/2023,74,female
9/26/2023,9/26/2023,50,male
9/26/2023,9/26/2023,31,male
9/26/2023,9/26/2023,70,male
9/26/2023,9/26/2023,63,male
9/26/2023,9/26/2023,62,female
9/26/2023,9/26/2023,47,female
9/26/2023,9/26/2023,12,male
9/26/2023,9/26/2023,10,male
9/26/2023,9/26/2023,0,
9/26/2023,9/26/2023,0,
9/26/2023,9/26/2023,0,
9/26/2023,9/26/2023,0,
9/26/2023,9/26/2023,80,female
9/26/2023,9/26/2023,61,female
9/26/2023,9/26/2023,80,female
9/26/2023,9/26/2023,34,male
9/26/2023,9/26/2023,61,female
9/26/2023,9/26/2023,62,female
9/26/2023,9/26/2023,41,female
9/26/2023,9/26/2023,38,female
9/26/2023,9/26/2023,19,male
9/26/2023,9/26/2023,21,female
9/26/2023,9/26/2023,11,female
9/26/2023,9/26/2023,13,female
9/26/2023,9/26/2023,69,male
9/26/2023,9/26/2023,68,female
9/26/2023,9/26/2023,40,male
9/26/2023,9/26/2023,61,male
9/26/2023,9/26/2023,45,female
9/26/2023,9/26/2023,44,male
9/26/2023,9/26/2023,27,male
9/26/2023,9/26/2023,80,female
9/26/2023,9/26/2023,57,female
9/26/2023,9/26/2023,57,male
9/26/2023,9/26/2023,65,male
9/26/2023,9/26/2023,61,female
9/26/2023,9/26/2023,45,female
9/26/2023,9/26/2023,75,male
9/26/2023,9/26/2023,74,female
9/26/2023,9/26/2023,45,male
9/26/2023,9/26/2023,19,male
9/26/2023,9/26/2023,51,female
9/26/2023,9/26/2023,75,female
9/26/2023,9/26/2023,35,female
9/26/2023,9/26/2023,35,male
9/26/2023,9/26/2023,11,female
9/26/2023,9/26/2023,7,male
9/26/2023,9/26/2023,35,female
9/26/2023,9/26/2023,40,male
9/26/2023,9/26/2023,6,male
9/26/2023,9/26/2023,10,female
9/26/2023,9/26/2023,4,male
9/26/2023,9/26/2023,5,female
9/26/2023,9/26/2023,70,male
9/26/2023,9/26/2023,67,female
9/26/2023,9/26/2023,35,female
9/26/2023,9/26/2023,10,female
9/26/2023,9/26/2023,7,male
9/26/2023,9/26/2023,68,female
9/26/2023,9/26/2023,73,female
9/26/2023,9/26/2023,57,female
9/26/2023,9/26/2023,62,male
9/26/2023,9/26/2023,37,male
9/26/2023,9/26/2023,46,female
9/26/2023,9/26/2023,12,female
9/26/2023,9/26/2023,38,male
9/26/2023,9/26/2023,50,female
9/26/2023,9/26/2023,72,male
9/26/2023,9/26/2023,70,female
9/26/2023,9/26/2023,31,male
9/26/2023,9/26/2023,29,female
9/13/2023,9/13/2023,56,female
9/26/2023,9/26/2023,75,male
9/26/2023,9/26/2023,40,female
9/26/2023,9/26/2023,75,female
9/26/2023,9/26/2023,20,female
9/26/2023,9/26/2023,12,male
9/26/2023,9/26/2023,49,male
9/14/2023,9/14/2023,76,male
9/14/2023,9/14/2023,69,male
9/14/2023,9/14/2023,50,female
9/14/2023,9/14/2023,26,female
9/14/2023,9/14/2023,15,female
9/14/2023,9/14/2023,22,female
9/14/2023,9/14/2023,28,male
9/14/2023,9/14/2023,51,female
9/14/2023,9/14/2023,69,male
9/14/2023,9/14/2023,38,male
9/14/2023,9/14/2023,37,female
9/14/2023,9/14/2023,57,female
9/14/2023,9/14/2023,64,male
9/14/2023,9/14/2023,14,male
9/14/2023,9/14/2023,10,male
9/14/2023,9/14/2023,6,male
9/14/2023,9/14/2023,2,male
9/14/2023,9/14/2023,75,male
9/14/2023,9/14/2023,70,female
9/14/2023,9/14/2023,90,female
9/14/2023,9/14/2023,24,female
9/14/2023,9/14/2023,40,female
9/14/2023,9/14/2023,9,female
9/13/2023,9/13/2023,13,female
9/13/2023,9/13/2023,75,female
9/13/2023,9/13/2023,32,male
9/13/2023,9/13/2023,6,male
9/13/2023,9/13/2023,4,female
9/13/2023,9/13/2023,71,female
9/13/2023,9/13/2023,67,male
9/13/2023,9/13/2023,26,male
9/13/2023,9/13/2023,74,male
9/13/2023,9/13/2023,76,female
9/13/2023,9/13/2023,59,male
9/13/2023,9/13/2023,48,female
9/13/2023,9/13/2023,44,female
9/13/2023,9/13/2023,13,male
9/13/2023,9/13/2023,19,female
9/13/2023,9/13/2023,60,male
9/13/2023,9/13/2023,55,male
9/13/2023,9/13/2023,56,female
9/13/2023,9/13/2023,38,male
9/13/2023,9/13/2023,30,female
9/13/2023,9/13/2023,31,male
9/13/2023,9/13/2023,4,male
9/13/2023,9/13/2023,54,female
9/13/2023,9/13/2023,82,male
9/13/2023,9/13/2023,75,female
9/13/2023,9/13/2023,49,female
9/13/2023,9/13/2023,91,female
9/13/2023,9/13/2023,62,female
9/13/2023,9/13/2023,74,female
9/13/2023,9/13/2023,56,male
9/13/2023,9/13/2023,23,male
9/13/2023,9/13/2023,58,female
9/13/2023,9/13/2023,36,male
9/13/2023,9/13/2023,34,female
9/13/2023,9/13/2023,5,male
9/13/2023,9/13/2023,30,male
9/13/2023,9/13/2023,42,female
9/13/2023,9/13/2023,45,male
9/13/2023,9/13/2023,17,female
9/13/2023,9/13/2023,7,male
9/13/2023,9/13/2023,47,female
9/13/2023,9/13/2023,17,male
9/13/2023,9/13/2023,39,male
9/13/2023,9/13/2023,12,male
9/13/2023,9/13/2023,3,female
9/13/2023,9/13/2023,33,female
9/13/2023,9/13/2023,35,male
9/13/2023,9/13/2023,52,female
9/13/2023,9/13/2023,58,female
9/13/2023,9/13/2023,40,female
9/13/2023,9/13/2023,9,male
9/13/2023,9/13/2023,57,male
9/13/2023,9/13/2023,37,female
9/13/2023,9/13/2023,16,male
9/13/2023,9/13/2023,55,female
9/13/2023,9/13/2023,34,female
9/13/2023,9/13/2023,8,male
9/13/2023,9/13/2023,49,male
9/13/2023,9/13/2023,67,female
9/13/2023,9/13/2023,40,male
9/13/2023,9/13/2023,30,male
9/13/2023,9/13/2023,72,female
9/13/2023,9/13/2023,74,female
9/13/2023,9/13/2023,40,female
9/13/2023,9/13/2023,15,male
9/13/2023,9/13/2023,49,female
9/13/2023,9/13/2023,16,female
9/13/2023,9/13/2023,43,male
9/13/2023,9/13/2023,12,male
9/13/2023,9/13/2023,42,female
9/13/2023,9/13/2023,4,female
9/13/2023,9/13/2023,82,female
9/13/2023,9/13/2023,70,female
9/13/2023,9/13/2023,22,male
9/13/2023,9/13/2023,65,female
9/13/2023,9/13/2023,67,male
9/13/2023,9/13/2023,64,female
9/13/2023,9/13/2023,44,male
9/13/2023,9/13/2023,35,female
9/13/2023,9/13/2023,67,male
9/13/2023,9/13/2023,20,male
9/13/2023,9/13/2023,23,female
9/13/2023,9/13/2023,23,male
9/13/2023,9/13/2023,36,male
9/13/2023,9/13/2023,8,female
9/13/2023,9/13/2023,3,male
9/13/2023,9/13/2023,58,female
9/13/2023,9/13/2023,82,female
9/13/2023,9/13/2023,30,female
9/13/2023,9/13/2023,25,female
9/13/2023,9/13/2023,40,male
9/13/2023,9/13/2023,30,male
9/13/2023,9/13/2023,56,male
9/13/2023,9/13/2023,60,male
9/13/2023,9/13/2023,73,female
9/13/2023,9/13/2023,72,male
9/13/2023,9/13/2023,24,male
9/13/2023,9/13/2023,35,male
9/13/2023,9/13/2023,9,female
9/13/2023,9/13/2023,5,male
9/13/2023,9/13/2023,70,female
